Source,Target,Type,Id,Label,timeset,Weight,book
Aegon-I-Targaryen,Daenerys-Targaryen,Undirected,0,,,4,5
Aegon-Targaryen-(son-of-Rhaegar),Daenerys-Targaryen,Undirected,1,,,11,5
Aegon-Targaryen-(son-of-Rhaegar),Elia-Martell,Undirected,2,,,4,5
Aegon-Targaryen-(son-of-Rhaegar),Franklyn-Flowers,Undirected,3,,,3,5
Aegon-Targaryen-(son-of-Rhaegar),Haldon,Undirected,4,,,14,5
Aegon-Targaryen-(son-of-Rhaegar),Harry-Strickland,Undirected,5,,,9,5
Aegon-Targaryen-(son-of-Rhaegar),Jon-Connington,Undirected,6,,,16,5
Aegon-Targaryen-(son-of-Rhaegar),Lemore,Undirected,7,,,10,5
Aegon-Targaryen-(son-of-Rhaegar),Rhaegar-Targaryen,Undirected,8,,,9,5
Aegon-Targaryen-(son-of-Rhaegar),Rhaenys-Targaryen-(daughter-of-Rhaegar),Undirected,9,,,4,5
Aegon-Targaryen-(son-of-Rhaegar),Rolly-Duckfield,Undirected,10,,,11,5
Aegon-Targaryen-(son-of-Rhaegar),Tyrion-Lannister,Undirected,11,,,23,5
Aegon-Targaryen-(son-of-Rhaegar),Tywin-Lannister,Undirected,12,,,3,5
Aegon-Targaryen-(son-of-Rhaegar),Viserys-Targaryen,Undirected,13,,,3,5
Aegon-Targaryen-(son-of-Rhaegar),Yandry,Undirected,14,,,6,5
Aegon-Targaryen-(son-of-Rhaegar),Ysilla,Undirected,15,,,4,5
Aemon-Targaryen-(Maester-Aemon),Clydas,Undirected,16,,,7,5
Aemon-Targaryen-(Maester-Aemon),Gilly,Undirected,17,,,3,5
Aemon-Targaryen-(Maester-Aemon),Jon-Snow,Undirected,18,,,12,5
Aemon-Targaryen-(Maester-Aemon),Samwell-Tarly,Undirected,19,,,16,5
Aemon-Targaryen-(Maester-Aemon),Stannis-Baratheon,Undirected,20,,,3,5
Aenys-Frey,Hosteen-Frey,Undirected,21,,,6,5
Aenys-Frey,Theon-Greyjoy,Undirected,22,,,3,5
Aenys-Frey,Wyman-Manderly,Undirected,23,,,4,5
Aeron-Greyjoy,Euron-Greyjoy,Undirected,24,,,4,5
Aeron-Greyjoy,Victarion-Greyjoy,Undirected,25,,,3,5
Aerys-II-Targaryen,Rhaegar-Targaryen,Undirected,26,,,5,5
Aerys-II-Targaryen,Robert-Baratheon,Undirected,27,,,5,5
Aerys-II-Targaryen,Tywin-Lannister,Undirected,28,,,6,5
Aggo,Barristan-Selmy,Undirected,29,,,3,5
Aggo,Daario-Naharis,Undirected,30,,,4,5
Aggo,Daenerys-Targaryen,Undirected,31,,,9,5
Aggo,Grey-Worm,Undirected,32,,,5,5
Aggo,Jhogo,Undirected,33,,,6,5
Aggo,Rakharo,Undirected,34,,,9,5
Alliser-Thorne,Jon-Snow,Undirected,35,,,6,5
Alys-Karstark,Jon-Snow,Undirected,36,,,13,5
Alys-Karstark,Melisandre,Undirected,37,,,6,5
Alys-Karstark,Sigorn,Undirected,38,,,5,5
Alysane-Mormont,Asha-Greyjoy,Undirected,39,,,18,5
Alysane-Mormont,Justin-Massey,Undirected,40,,,5,5
Alysane-Mormont,Stannis-Baratheon,Undirected,41,,,5,5
Archibald-Yronwood,Cletus-Yronwood,Undirected,42,,,5,5
Archibald-Yronwood,Gerris-Drinkwater,Undirected,43,,,13,5
Archibald-Yronwood,Quentyn-Martell,Undirected,44,,,21,5
Archibald-Yronwood,Tattered-Prince,Undirected,45,,,4,5
Areo-Hotah,Arianne-Martell,Undirected,46,,,11,5
Areo-Hotah,Arys-Oakheart,Undirected,47,,,4,5
Areo-Hotah,Balon-Swann,Undirected,48,,,4,5
Areo-Hotah,Doran-Martell,Undirected,49,,,12,5
Areo-Hotah,Ellaria-Sand,Undirected,50,,,3,5
Areo-Hotah,Obara-Sand,Undirected,51,,,6,5
Arianne-Martell,Balon-Swann,Undirected,52,,,5,5
Arianne-Martell,Doran-Martell,Undirected,53,,,11,5
Arianne-Martell,Ellaria-Sand,Undirected,54,,,3,5
Arianne-Martell,Myrcella-Baratheon,Undirected,55,,,4,5
Arianne-Martell,Obara-Sand,Undirected,56,,,5,5
Arnolf-Karstark,Arthor-Karstark,Undirected,57,,,3,5
Arnolf-Karstark,Asha-Greyjoy,Undirected,58,,,3,5
Arnolf-Karstark,Mors-Umber,Undirected,59,,,4,5
Arnolf-Karstark,Rickard-Karstark,Undirected,60,,,3,5
Arnolf-Karstark,Stannis-Baratheon,Undirected,61,,,7,5
Arron,Emrick,Undirected,62,,,6,5
Arron,Hareth-(Moles-Town),Undirected,63,,,4,5
Arron,Satin,Undirected,64,,,4,5
Arya-Stark,Bran-Stark,Undirected,65,,,7,5
Arya-Stark,Brusco,Undirected,66,,,4,5
Arya-Stark,Eddard-Stark,Undirected,67,,,4,5
Arya-Stark,Jeyne-Poole,Undirected,68,,,4,5
Arya-Stark,Jon-Snow,Undirected,69,,,12,5
Arya-Stark,Kindly-Man,Undirected,70,,,4,5
Arya-Stark,Mance-Rayder,Undirected,71,,,3,5
Arya-Stark,Melisandre,Undirected,72,,,4,5
Arya-Stark,Ramsay-Snow,Undirected,73,,,5,5
Arya-Stark,Sansa-Stark,Undirected,74,,,4,5
Arya-Stark,Theon-Greyjoy,Undirected,75,,,7,5
Arya-Stark,Waif,Undirected,76,,,3,5
Arys-Oakheart,Gerold-Dayne,Undirected,77,,,3,5
Asha-Greyjoy,Clayton-Suggs,Undirected,78,,,4,5
Asha-Greyjoy,Euron-Greyjoy,Undirected,79,,,4,5
Asha-Greyjoy,Galbart-Glover,Undirected,80,,,8,5
Asha-Greyjoy,Godry-Farring,Undirected,81,,,3,5
Asha-Greyjoy,Grimtongue,Undirected,82,,,3,5
Asha-Greyjoy,Hagen,Undirected,83,,,3,5
Asha-Greyjoy,Justin-Massey,Undirected,84,,,15,5
Asha-Greyjoy,Qarl-the-Maid,Undirected,85,,,8,5
Asha-Greyjoy,Robert-Baratheon,Undirected,86,,,4,5
Asha-Greyjoy,Rolfe-the-Dwarf,Undirected,87,,,3,5
Asha-Greyjoy,Stannis-Baratheon,Undirected,88,,,16,5
Asha-Greyjoy,Sybelle-Glover,Undirected,89,,,3,5
Asha-Greyjoy,Theon-Greyjoy,Undirected,90,,,7,5
Asha-Greyjoy,Torgon-Greyiron,Undirected,91,,,3,5
Asha-Greyjoy,Tristifer-Botley,Undirected,92,,,12,5
Asha-Greyjoy,Tycho-Nestoris,Undirected,93,,,3,5
Ashara-Dayne,Elia-Martell,Undirected,94,,,3,5
Axell-Florent,Jon-Snow,Undirected,95,,,4,5
Axell-Florent,Melisandre,Undirected,96,,,5,5
Axell-Florent,Selyse-Florent,Undirected,97,,,8,5
Axell-Florent,Shireen-Baratheon,Undirected,98,,,3,5
Axell-Florent,Stannis-Baratheon,Undirected,99,,,3,5
Azor-Ahai,Stannis-Baratheon,Undirected,100,,,3,5
Balon-Greyjoy,Euron-Greyjoy,Undirected,101,,,3,5
Balon-Greyjoy,Theon-Greyjoy,Undirected,102,,,3,5
Balon-Swann,Doran-Martell,Undirected,103,,,11,5
Balon-Swann,Gerold-Dayne,Undirected,104,,,3,5
Balon-Swann,Myrcella-Baratheon,Undirected,105,,,4,5
Balon-Swann,Tyrion-Lannister,Undirected,106,,,3,5
Barbrey-Dustin,Jeyne-Poole,Undirected,107,,,5,5
Barbrey-Dustin,Ramsay-Snow,Undirected,108,,,5,5
Barbrey-Dustin,Roger-Ryswell,Undirected,109,,,4,5
Barbrey-Dustin,Roose-Bolton,Undirected,110,,,3,5
Barbrey-Dustin,Stannis-Baratheon,Undirected,111,,,3,5
Barbrey-Dustin,Theon-Greyjoy,Undirected,112,,,17,5
Barristan-Selmy,Belwas,Undirected,113,,,9,5
Barristan-Selmy,Ben-Plumm,Undirected,114,,,4,5
Barristan-Selmy,Bloodbeard,Undirected,115,,,3,5
Barristan-Selmy,Daario-Naharis,Undirected,116,,,18,5
Barristan-Selmy,Daenerys-Targaryen,Undirected,117,,,75,5
Barristan-Selmy,Galazza-Galare,Undirected,118,,,5,5
Barristan-Selmy,Gerris-Drinkwater,Undirected,119,,,4,5
Barristan-Selmy,Grazhar,Undirected,120,,,3,5
Barristan-Selmy,Grey-Worm,Undirected,121,,,6,5
Barristan-Selmy,Groleo,Undirected,122,,,8,5
Barristan-Selmy,Hizdahr-zo-Loraq,Undirected,123,,,42,5
Barristan-Selmy,Jhogo,Undirected,124,,,3,5
Barristan-Selmy,Khrazz,Undirected,125,,,8,5
Barristan-Selmy,Larraq,Undirected,126,,,3,5
Barristan-Selmy,Missandei,Undirected,127,,,8,5
Barristan-Selmy,Quentyn-Martell,Undirected,128,,,22,5
Barristan-Selmy,Reznak-mo-Reznak,Undirected,129,,,7,5
Barristan-Selmy,Rhaegar-Targaryen,Undirected,130,,,3,5
Barristan-Selmy,Skahaz-mo-Kandaq,Undirected,131,,,21,5
Barristan-Selmy,Steelskin,Undirected,132,,,3,5
Barristan-Selmy,Tyrion-Lannister,Undirected,133,,,3,5
Barristan-Selmy,Varys,Undirected,134,,,3,5
Barristan-Selmy,Widower,Undirected,135,,,3,5
Barristan-Selmy,Xaro-Xhoan-Daxos,Undirected,136,,,3,5
Barsena,Daenerys-Targaryen,Undirected,137,,,4,5
Bartimus,Davos-Seaworth,Undirected,138,,,4,5
Belaquo,Goghor-the-Giant,Undirected,139,,,7,5
Belaquo,Hizdahr-zo-Loraq,Undirected,140,,,3,5
Belaquo,Irri,Undirected,141,,,3,5
Belaquo,Spotted-Cat,Undirected,142,,,5,5
Belwas,Daenerys-Targaryen,Undirected,143,,,13,5
Belwas,Hizdahr-zo-Loraq,Undirected,144,,,11,5
Belwas,Quentyn-Martell,Undirected,145,,,3,5
Belwas,Skahaz-mo-Kandaq,Undirected,146,,,3,5
Ben-Bones,Ramsay-Snow,Undirected,147,,,5,5
Ben-Bones,Theon-Greyjoy,Undirected,148,,,4,5
Ben-Plumm,Daario-Naharis,Undirected,149,,,9,5
Ben-Plumm,Daenerys-Targaryen,Undirected,150,,,14,5
Ben-Plumm,Hizdahr-zo-Loraq,Undirected,151,,,3,5
Ben-Plumm,Kasporio,Undirected,152,,,3,5
Ben-Plumm,Penny,Undirected,153,,,3,5
Ben-Plumm,Tybero-Istarion,Undirected,154,,,5,5
Ben-Plumm,Tyrion-Lannister,Undirected,155,,,4,5
Benerro,Daenerys-Targaryen,Undirected,156,,,3,5
Benerro,Haldon,Undirected,157,,,4,5
Benerro,Moqorro,Undirected,158,,,4,5
Benerro,Tyrion-Lannister,Undirected,159,,,7,5
Benethon-Scales,Narbert-Grandison,Undirected,160,,,3,5
Benethon-Scales,Selyse-Florent,Undirected,161,,,4,5
Benjen-Stark,Jon-Snow,Undirected,162,,,4,5
Black-Balaq,Franklyn-Flowers,Undirected,163,,,3,5
Bloodbeard,Daenerys-Targaryen,Undirected,164,,,3,5
Bloodbeard,Hizdahr-zo-Loraq,Undirected,165,,,5,5
Bloodbeard,Tattered-Prince,Undirected,166,,,3,5
Boros-Blount,Meryn-Trant,Undirected,167,,,3,5
Boros-Blount,Tommen-Baratheon,Undirected,168,,,4,5
Bowen-Marsh,Cellador,Undirected,169,,,8,5
Bowen-Marsh,Eddison-Tollett,Undirected,170,,,9,5
Bowen-Marsh,Jon-Snow,Undirected,171,,,45,5
Bowen-Marsh,Mance-Rayder,Undirected,172,,,5,5
Bowen-Marsh,Othell-Yarwyck,Undirected,173,,,19,5
Bowen-Marsh,Satin,Undirected,174,,,3,5
Bowen-Marsh,Stannis-Baratheon,Undirected,175,,,3,5
Bowen-Marsh,Tormund,Undirected,176,,,5,5
Bowen-Marsh,Wick-Whittlestick,Undirected,177,,,5,5
Bran-Stark,Brynden-Rivers,Undirected,178,,,14,5
Bran-Stark,Coldhands,Undirected,179,,,6,5
Bran-Stark,Eddard-Stark,Undirected,180,,,4,5
Bran-Stark,Hodor,Undirected,181,,,50,5
Bran-Stark,Jojen-Reed,Undirected,182,,,17,5
Bran-Stark,Jon-Snow,Undirected,183,,,4,5
Bran-Stark,Leaf,Undirected,184,,,5,5
Bran-Stark,Meera-Reed,Undirected,185,,,33,5
Bran-Stark,Rickon-Stark,Undirected,186,,,7,5
Bran-Stark,Robb-Stark,Undirected,187,,,6,5
Bran-Stark,Theon-Greyjoy,Undirected,188,,,8,5
Brandon-Norrey,Jon-Snow,Undirected,189,,,3,5
Brandon-Norrey,Torghen-Flint,Undirected,190,,,3,5
Brea,Brusco,Undirected,191,,,3,5
Brienne-of-Tarth,Cersei-Lannister,Undirected,192,,,3,5
Brienne-of-Tarth,Jaime-Lannister,Undirected,193,,,3,5
Brus-Buckler,Malegorn,Undirected,194,,,6,5
Brus-Buckler,Narbert-Grandison,Undirected,195,,,4,5
Brus-Buckler,Selyse-Florent,Undirected,196,,,5,5
Brynden-Rivers,Meera-Reed,Undirected,197,,,3,5
Brynden-Tully,Jaime-Lannister,Undirected,198,,,4,5
Bump,Varamyr,Undirected,199,,,5,5
Caggo,Gerris-Drinkwater,Undirected,200,,,3,5
Caggo,Lucifer-Long,Undirected,201,,,3,5
Caggo,Meris,Undirected,202,,,7,5
Caggo,Quentyn-Martell,Undirected,203,,,7,5
Caggo,Tattered-Prince,Undirected,204,,,4,5
Caleotte,Doran-Martell,Undirected,205,,,3,5
Caleotte,Gregor-Clegane,Undirected,206,,,4,5
Camarron,Spotted-Cat,Undirected,207,,,3,5
Catelyn-Stark,Eddard-Stark,Undirected,208,,,5,5
Cellador,Clydas,Undirected,209,,,3,5
Cellador,Jon-Snow,Undirected,210,,,3,5
Cellador,Othell-Yarwyck,Undirected,211,,,8,5
Cersei-Lannister,Daenerys-Targaryen,Undirected,212,,,3,5
Cersei-Lannister,Doran-Martell,Undirected,213,,,3,5
Cersei-Lannister,Dunsen,Undirected,214,,,3,5
Cersei-Lannister,Gregor-Clegane,Undirected,215,,,4,5
Cersei-Lannister,High-Sparrow,Undirected,216,,,11,5
Cersei-Lannister,Ilyn-Payne,Undirected,217,,,4,5
Cersei-Lannister,Jaime-Lannister,Undirected,218,,,13,5
Cersei-Lannister,Joffrey-Baratheon,Undirected,219,,,3,5
Cersei-Lannister,Kevan-Lannister,Undirected,220,,,10,5
Cersei-Lannister,Lancel-Lannister,Undirected,221,,,6,5
Cersei-Lannister,Mace-Tyrell,Undirected,222,,,3,5
Cersei-Lannister,Margaery-Tyrell,Undirected,223,,,6,5
Cersei-Lannister,Meryn-Trant,Undirected,224,,,3,5
Cersei-Lannister,Moelle,Undirected,225,,,4,5
Cersei-Lannister,Myrcella-Baratheon,Undirected,226,,,4,5
Cersei-Lannister,Osney-Kettleblack,Undirected,227,,,3,5
Cersei-Lannister,Qyburn,Undirected,228,,,3,5
Cersei-Lannister,Rafford,Undirected,229,,,3,5
Cersei-Lannister,Rhaegar-Targaryen,Undirected,230,,,3,5
Cersei-Lannister,Robert-Baratheon,Undirected,231,,,7,5
Cersei-Lannister,Robert-Strong,Undirected,232,,,4,5
Cersei-Lannister,Scolera,Undirected,233,,,5,5
Cersei-Lannister,Stannis-Baratheon,Undirected,234,,,5,5
Cersei-Lannister,Tommen-Baratheon,Undirected,235,,,13,5
Cersei-Lannister,Tyrion-Lannister,Undirected,236,,,5,5
Cersei-Lannister,Tywin-Lannister,Undirected,237,,,3,5
Cersei-Lannister,Unella,Undirected,238,,,10,5
Clayton-Suggs,Godry-Farring,Undirected,239,,,5,5
Clayton-Suggs,Stannis-Baratheon,Undirected,240,,,6,5
Cleon,Daenerys-Targaryen,Undirected,241,,,9,5
Cleon,Quentyn-Martell,Undirected,242,,,3,5
Cletus-Yronwood,Daenerys-Targaryen,Undirected,243,,,3,5
Cletus-Yronwood,Gerris-Drinkwater,Undirected,244,,,5,5
Cletus-Yronwood,Kedry,Undirected,245,,,3,5
Cletus-Yronwood,Quentyn-Martell,Undirected,246,,,7,5
Clydas,Jon-Snow,Undirected,247,,,20,5
Clydas,Mully,Undirected,248,,,4,5
Clydas,Stannis-Baratheon,Undirected,249,,,3,5
Coldhands,Hodor,Undirected,250,,,4,5
Coldhands,Meera-Reed,Undirected,251,,,3,5
Corliss-Penny,Stannis-Baratheon,Undirected,252,,,3,5
Cotter-Pyke,Denys-Mallister,Undirected,253,,,4,5
Cotter-Pyke,Jon-Snow,Undirected,254,,,11,5
Cotter-Pyke,Selyse-Florent,Undirected,255,,,3,5
Cromm,Grimtongue,Undirected,256,,,4,5
Cromm,Hagen,Undirected,257,,,4,5
Daario-Naharis,Daenerys-Targaryen,Undirected,258,,,50,5
Daario-Naharis,Grey-Worm,Undirected,259,,,6,5
Daario-Naharis,Groleo,Undirected,260,,,4,5
Daario-Naharis,Hero,Undirected,261,,,7,5
Daario-Naharis,Hizdahr-zo-Loraq,Undirected,262,,,14,5
Daario-Naharis,Irri,Undirected,263,,,7,5
Daario-Naharis,Jhiqui,Undirected,264,,,5,5
Daario-Naharis,Jhogo,Undirected,265,,,9,5
Daario-Naharis,Missandei,Undirected,266,,,4,5
Daario-Naharis,Quentyn-Martell,Undirected,267,,,5,5
Daario-Naharis,Rakharo,Undirected,268,,,4,5
Daario-Naharis,Skahaz-mo-Kandaq,Undirected,269,,,9,5
Daenerys-Targaryen,Daeron-II-Targaryen,Undirected,270,,,3,5
Daenerys-Targaryen,Doran-Martell,Undirected,271,,,3,5
Daenerys-Targaryen,Drogo,Undirected,272,,,7,5
Daenerys-Targaryen,Eroeh,Undirected,273,,,3,5
Daenerys-Targaryen,Ezzara,Undirected,274,,,3,5
Daenerys-Targaryen,Galazza-Galare,Undirected,275,,,19,5
Daenerys-Targaryen,Gerris-Drinkwater,Undirected,276,,,15,5
Daenerys-Targaryen,Ghael,Undirected,277,,,5,5
Daenerys-Targaryen,Grey-Worm,Undirected,278,,,11,5
Daenerys-Targaryen,Groleo,Undirected,279,,,4,5
Daenerys-Targaryen,Hero,Undirected,280,,,5,5
Daenerys-Targaryen,Hizdahr-zo-Loraq,Undirected,281,,,96,5
Daenerys-Targaryen,Illyrio-Mopatis,Undirected,282,,,12,5
Daenerys-Targaryen,Irri,Undirected,283,,,25,5
Daenerys-Targaryen,Jhiqui,Undirected,284,,,15,5
Daenerys-Targaryen,Jhogo,Undirected,285,,,6,5
Daenerys-Targaryen,Jon-Connington,Undirected,286,,,6,5
Daenerys-Targaryen,Jorah-Mormont,Undirected,287,,,4,5
Daenerys-Targaryen,Lysono-Maar,Undirected,288,,,3,5
Daenerys-Targaryen,Mace-Tyrell,Undirected,289,,,3,5
Daenerys-Targaryen,Marselen,Undirected,290,,,3,5
Daenerys-Targaryen,Meris,Undirected,291,,,6,5
Daenerys-Targaryen,Mezzara,Undirected,292,,,4,5
Daenerys-Targaryen,Miklaz,Undirected,293,,,3,5
Daenerys-Targaryen,Missandei,Undirected,294,,,37,5
Daenerys-Targaryen,Moqorro,Undirected,295,,,3,5
Daenerys-Targaryen,Penny,Undirected,296,,,4,5
Daenerys-Targaryen,Qavo-Nogarys,Undirected,297,,,5,5
Daenerys-Targaryen,Qezza,Undirected,298,,,6,5
Daenerys-Targaryen,Quaithe,Undirected,299,,,6,5
Daenerys-Targaryen,Quentyn-Martell,Undirected,300,,,58,5
Daenerys-Targaryen,Rakharo,Undirected,301,,,7,5
Daenerys-Targaryen,Reznak-mo-Reznak,Undirected,302,,,19,5
Daenerys-Targaryen,Rhaegar-Targaryen,Undirected,303,,,10,5
Daenerys-Targaryen,Robert-Baratheon,Undirected,304,,,3,5
Daenerys-Targaryen,Skahaz-mo-Kandaq,Undirected,305,,,33,5
Daenerys-Targaryen,Spotted-Cat,Undirected,306,,,3,5
Daenerys-Targaryen,Symon-Stripeback,Undirected,307,,,4,5
Daenerys-Targaryen,Tattered-Prince,Undirected,308,,,4,5
Daenerys-Targaryen,Tyrion-Lannister,Undirected,309,,,17,5
Daenerys-Targaryen,Varys,Undirected,310,,,3,5
Daenerys-Targaryen,Victarion-Greyjoy,Undirected,311,,,7,5
Daenerys-Targaryen,Viserys-Targaryen,Undirected,312,,,7,5
Daenerys-Targaryen,Xaro-Xhoan-Daxos,Undirected,313,,,16,5
Daenerys-Targaryen,Yurkhaz-zo-Yunzak,Undirected,314,,,4,5
Dalla,Gilly,Undirected,315,,,4,5
Dalla,Mance-Rayder,Undirected,316,,,5,5
Dalla,Melisandre,Undirected,317,,,3,5
Dalla,Stannis-Baratheon,Undirected,318,,,5,5
Dalla,Val,Undirected,319,,,5,5
Damon-Dance-for-Me,Grunt,Undirected,320,,,3,5
Damon-Dance-for-Me,Ramsay-Snow,Undirected,321,,,7,5
Damon-Dance-for-Me,Skinner,Undirected,322,,,7,5
Damon-Dance-for-Me,Sour-Alyn,Undirected,323,,,4,5
Damon-Dance-for-Me,Theon-Greyjoy,Undirected,324,,,5,5
Davos-Seaworth,Eddard-Stark,Undirected,325,,,4,5
Davos-Seaworth,Garth-(Wolfs-Den),Undirected,326,,,4,5
Davos-Seaworth,Godric-Borrell,Undirected,327,,,9,5
Davos-Seaworth,Leona-Woolfield,Undirected,328,,,3,5
Davos-Seaworth,Marlon-Manderly,Undirected,329,,,5,5
Davos-Seaworth,Melisandre,Undirected,330,,,4,5
Davos-Seaworth,Robb-Stark,Undirected,331,,,3,5
Davos-Seaworth,Robett-Glover,Undirected,332,,,4,5
Davos-Seaworth,Salladhor-Saan,Undirected,333,,,11,5
Davos-Seaworth,Stannis-Baratheon,Undirected,334,,,21,5
Davos-Seaworth,Sybell-Spicer,Undirected,335,,,3,5
Davos-Seaworth,Wyman-Manderly,Undirected,336,,,32,5
Denys-Mallister,Jon-Snow,Undirected,337,,,4,5
Denzo-Dhan,Meris,Undirected,338,,,3,5
Devan-Seaworth,Jon-Snow,Undirected,339,,,5,5
Devan-Seaworth,Melisandre,Undirected,340,,,4,5
Devan-Seaworth,Stannis-Baratheon,Undirected,341,,,14,5
Dick-Straw,Hugh-Hungerford,Undirected,342,,,3,5
Dick-Straw,Tattered-Prince,Undirected,343,,,4,5
Donal-Noye,Jon-Snow,Undirected,344,,,7,5
Donal-Noye,Qhorin-Halfhand,Undirected,345,,,3,5
Doran-Martell,Ellaria-Sand,Undirected,346,,,3,5
Doran-Martell,Gregor-Clegane,Undirected,347,,,4,5
Doran-Martell,Myrcella-Baratheon,Undirected,348,,,5,5
Doran-Martell,Nymeria-Sand,Undirected,349,,,3,5
Doran-Martell,Obara-Sand,Undirected,350,,,4,5
Doran-Martell,Oberyn-Martell,Undirected,351,,,5,5
Doran-Martell,Quentyn-Martell,Undirected,352,,,4,5
Doran-Martell,Robert-Baratheon,Undirected,353,,,3,5
Doran-Martell,Viserys-Targaryen,Undirected,354,,,3,5
Draqaz,Miklaz,Undirected,355,,,3,5
Drogo,Viserys-Targaryen,Undirected,356,,,4,5
Dryn,Tormund,Undirected,357,,,3,5
Dunsen,Gregor-Clegane,Undirected,358,,,3,5
Dunsen,Ilyn-Payne,Undirected,359,,,3,5
Dunsen,Meryn-Trant,Undirected,360,,,3,5
Dunsen,Rafford,Undirected,361,,,3,5
Eddard-Stark,Jon-Snow,Undirected,362,,,10,5
Eddard-Stark,Ramsay-Snow,Undirected,363,,,4,5
Eddard-Stark,Robb-Stark,Undirected,364,,,6,5
Eddard-Stark,Robert-Baratheon,Undirected,365,,,7,5
Eddard-Stark,Roose-Bolton,Undirected,366,,,5,5
Eddard-Stark,Sansa-Stark,Undirected,367,,,3,5
Eddard-Stark,Stannis-Baratheon,Undirected,368,,,6,5
Eddard-Stark,Theon-Greyjoy,Undirected,369,,,9,5
Eddard-Stark,Willam-Dustin,Undirected,370,,,4,5
Eddard-Stark,Wyman-Manderly,Undirected,371,,,4,5
Eddison-Tollett,Emmett,Undirected,372,,,8,5
Eddison-Tollett,Gilly,Undirected,373,,,3,5
Eddison-Tollett,Hobb,Undirected,374,,,4,5
Eddison-Tollett,Janos-Slynt,Undirected,375,,,4,5
Eddison-Tollett,Jon-Snow,Undirected,376,,,25,5
Eddison-Tollett,Mully,Undirected,377,,,3,5
Eddison-Tollett,Satin,Undirected,378,,,3,5
Elia-Martell,Rhaegar-Targaryen,Undirected,379,,,6,5
Emmett,Hareth-(Moles-Town),Undirected,380,,,3,5
Emmett,Hop-Robin,Undirected,381,,,4,5
Emmett,Janos-Slynt,Undirected,382,,,4,5
Emmett,Jon-Snow,Undirected,383,,,15,5
Emrick,Hareth-(Moles-Town),Undirected,384,,,3,5
Emrick,Satin,Undirected,385,,,3,5
Euron-Greyjoy,Victarion-Greyjoy,Undirected,386,,,7,5
Franklyn-Flowers,Jon-Connington,Undirected,387,,,4,5
Frenya,Holly,Undirected,388,,,6,5
Frenya,Theon-Greyjoy,Undirected,389,,,3,5
Fulk,Jon-Snow,Undirected,390,,,4,5
Fulk,Mully,Undirected,391,,,5,5
Galazza-Galare,Grazhar,Undirected,392,,,4,5
Galazza-Galare,Hizdahr-zo-Loraq,Undirected,393,,,12,5
Galazza-Galare,Reznak-mo-Reznak,Undirected,394,,,5,5
Galazza-Galare,Skahaz-mo-Kandaq,Undirected,395,,,12,5
Garth-(Wolfs-Den),Sybell-Spicer,Undirected,396,,,3,5
Garth-Greyfeather,Hairy-Hal,Undirected,397,,,4,5
Garth-Greyfeather,Jack-Bulwer,Undirected,398,,,4,5
Garth-Greyfeather,Jon-Snow,Undirected,399,,,3,5
Gerold-Dayne,Myrcella-Baratheon,Undirected,400,,,3,5
Gerrick-Kingsblood,Jon-Snow,Undirected,401,,,5,5
Gerrick-Kingsblood,Raymun-Redbeard,Undirected,402,,,3,5
Gerris-Drinkwater,Hizdahr-zo-Loraq,Undirected,403,,,4,5
Gerris-Drinkwater,Meris,Undirected,404,,,4,5
Gerris-Drinkwater,Quentyn-Martell,Undirected,405,,,49,5
Gerris-Drinkwater,Tattered-Prince,Undirected,406,,,3,5
Gilly,Jon-Snow,Undirected,407,,,10,5
Gilly,Mance-Rayder,Undirected,408,,,3,5
Gilly,Melisandre,Undirected,409,,,4,5
Gilly,Samwell-Tarly,Undirected,410,,,8,5
Godry-Farring,Jon-Snow,Undirected,411,,,3,5
Godry-Farring,Justin-Massey,Undirected,412,,,3,5
Godry-Farring,Mance-Rayder,Undirected,413,,,3,5
Godry-Farring,Melisandre,Undirected,414,,,3,5
Godry-Farring,Stannis-Baratheon,Undirected,415,,,9,5
Goghor-the-Giant,Hizdahr-zo-Loraq,Undirected,416,,,5,5
Goghor-the-Giant,Khrazz,Undirected,417,,,4,5
Goghor-the-Giant,Spotted-Cat,Undirected,418,,,6,5
Grazhar,Qezza,Undirected,419,,,5,5
Gregor-Clegane,Ilyn-Payne,Undirected,420,,,3,5
Gregor-Clegane,Meryn-Trant,Undirected,421,,,3,5
Gregor-Clegane,Oberyn-Martell,Undirected,422,,,3,5
Gregor-Clegane,Rafford,Undirected,423,,,3,5
Grenn,Pypar,Undirected,424,,,3,5
Grenn,Todder,Undirected,425,,,3,5
Grey-Worm,Hizdahr-zo-Loraq,Undirected,426,,,3,5
Grey-Worm,Irri,Undirected,427,,,4,5
Grey-Worm,Skahaz-mo-Kandaq,Undirected,428,,,6,5
Grimtongue,Hagen,Undirected,429,,,5,5
Grimtongue,Lorren,Undirected,430,,,5,5
Groleo,Hero,Undirected,431,,,4,5
Groleo,Jhogo,Undirected,432,,,5,5
Groleo,Skahaz-mo-Kandaq,Undirected,433,,,3,5
Grunt,Sour-Alyn,Undirected,434,,,7,5
Grunt,Theon-Greyjoy,Undirected,435,,,3,5
Hagen,Lorren,Undirected,436,,,3,5
Hagen,Qarl-the-Maid,Undirected,437,,,3,5
Hagen,Tristifer-Botley,Undirected,438,,,3,5
Haggon,Varamyr,Undirected,439,,,8,5
Hairy-Hal,Jack-Bulwer,Undirected,440,,,3,5
Hairy-Hal,Jon-Snow,Undirected,441,,,4,5
Haldon,Illyrio-Mopatis,Undirected,442,,,3,5
Haldon,Jon-Connington,Undirected,443,,,13,5
Haldon,Lemore,Undirected,444,,,4,5
Haldon,Pono,Undirected,445,,,3,5
Haldon,Qavo-Nogarys,Undirected,446,,,5,5
Haldon,Rolly-Duckfield,Undirected,447,,,26,5
Haldon,Tyrion-Lannister,Undirected,448,,,54,5
Haldon,Yandry,Undirected,449,,,4,5
Haldon,Ysilla,Undirected,450,,,5,5
Hareth-(Moles-Town),Hop-Robin,Undirected,451,,,5,5
Hareth-(Moles-Town),Jon-Snow,Undirected,452,,,10,5
Hareth-(Moles-Town),Leathers,Undirected,453,,,3,5
Hareth-(Moles-Town),Rory,Undirected,454,,,4,5
Hareth-(Moles-Town),Satin,Undirected,455,,,6,5
Harl,Lorren,Undirected,456,,,3,5
Harry-Strickland,Jon-Connington,Undirected,457,,,18,5
Harry-Strickland,Myles-Toyne,Undirected,458,,,4,5
Harwood-Stout,Theon-Greyjoy,Undirected,459,,,5,5
Harys-Swyft,Pycelle,Undirected,460,,,4,5
Hero,Jhogo,Undirected,461,,,8,5
High-Sparrow,Kevan-Lannister,Undirected,462,,,5,5
High-Sparrow,Unella,Undirected,463,,,6,5
Hizdahr-zo-Loraq,Irri,Undirected,464,,,3,5
Hizdahr-zo-Loraq,Jhiqui,Undirected,465,,,3,5
Hizdahr-zo-Loraq,Khrazz,Undirected,466,,,9,5
Hizdahr-zo-Loraq,Marghaz-zo-Loraq,Undirected,467,,,5,5
Hizdahr-zo-Loraq,Missandei,Undirected,468,,,6,5
Hizdahr-zo-Loraq,Qezza,Undirected,469,,,3,5
Hizdahr-zo-Loraq,Quentyn-Martell,Undirected,470,,,15,5
Hizdahr-zo-Loraq,Reznak-mo-Reznak,Undirected,471,,,13,5
Hizdahr-zo-Loraq,Skahaz-mo-Kandaq,Undirected,472,,,29,5
Hizdahr-zo-Loraq,Spotted-Cat,Undirected,473,,,5,5
Hizdahr-zo-Loraq,Steelskin,Undirected,474,,,3,5
Hobb,Jon-Snow,Undirected,475,,,4,5
Hobb,Melisandre,Undirected,476,,,3,5
Hobb,Mully,Undirected,477,,,3,5
Hobb,Owen,Undirected,478,,,5,5
Hodor,Jojen-Reed,Undirected,479,,,11,5
Hodor,Meera-Reed,Undirected,480,,,21,5
Holly,Jeyne-Poole,Undirected,481,,,4,5
Holly,Rowan,Undirected,482,,,3,5
Holly,Theon-Greyjoy,Undirected,483,,,10,5
Hop-Robin,Jon-Snow,Undirected,484,,,4,5
Hosteen-Frey,Wyman-Manderly,Undirected,485,,,5,5
Hoster-Blackwood,Jaime-Lannister,Undirected,486,,,4,5
Hother-Umber,Jon-Umber-(Greatjon),Undirected,487,,,3,5
Hother-Umber,Mors-Umber,Undirected,488,,,3,5
Hother-Umber,Ramsay-Snow,Undirected,489,,,5,5
Hother-Umber,Wyman-Manderly,Undirected,490,,,5,5
Illyrio-Mopatis,Jon-Connington,Undirected,491,,,6,5
Illyrio-Mopatis,Rolly-Duckfield,Undirected,492,,,6,5
Illyrio-Mopatis,Tyrion-Lannister,Undirected,493,,,30,5
Ilyn-Payne,Meryn-Trant,Undirected,494,,,3,5
Ilyn-Payne,Rafford,Undirected,495,,,3,5
Irri,Jhiqui,Undirected,496,,,24,5
Irri,Missandei,Undirected,497,,,9,5
Irri,Rakharo,Undirected,498,,,5,5
Irri,Skahaz-mo-Kandaq,Undirected,499,,,5,5
Jack-Bulwer,Jon-Snow,Undirected,500,,,3,5
Jaime-Lannister,Jonos-Bracken,Undirected,501,,,9,5
Jaime-Lannister,Josmyn-Peckledon,Undirected,502,,,3,5
Jaime-Lannister,Kevan-Lannister,Undirected,503,,,3,5
Jaime-Lannister,Robert-Baratheon,Undirected,504,,,4,5
Jaime-Lannister,Tyrion-Lannister,Undirected,505,,,4,5
Jaime-Lannister,Tytos-Blackwood,Undirected,506,,,6,5
Janos-Slynt,Jon-Snow,Undirected,507,,,16,5
Jared-Frey,Rhaegar-Frey,Undirected,508,,,3,5
Jeor-Mormont,Jon-Snow,Undirected,509,,,11,5
Jeor-Mormont,Qhorin-Halfhand,Undirected,510,,,3,5
Jeyne-Poole,Ramsay-Snow,Undirected,511,,,12,5
Jeyne-Poole,Roose-Bolton,Undirected,512,,,3,5
Jeyne-Poole,Rowan,Undirected,513,,,3,5
Jeyne-Poole,Squirrel,Undirected,514,,,3,5
Jeyne-Poole,Theon-Greyjoy,Undirected,515,,,24,5
Jhiqui,Missandei,Undirected,516,,,10,5
Jhiqui,Rakharo,Undirected,517,,,5,5
Jhiqui,Skahaz-mo-Kandaq,Undirected,518,,,3,5
Jhogo,Rakharo,Undirected,519,,,6,5
Joffrey-Baratheon,Tommen-Baratheon,Undirected,520,,,3,5
Joffrey-Baratheon,Tyrion-Lannister,Undirected,521,,,10,5
Jojen-Reed,Meera-Reed,Undirected,522,,,21,5
Jon-Connington,Lemore,Undirected,523,,,11,5
Jon-Connington,Myles-Toyne,Undirected,524,,,9,5
Jon-Connington,Nyessos-Vhassar,Undirected,525,,,3,5
Jon-Connington,Rhaegar-Targaryen,Undirected,526,,,7,5
Jon-Connington,Robert-Baratheon,Undirected,527,,,8,5
Jon-Connington,Rolly-Duckfield,Undirected,528,,,12,5
Jon-Connington,Tyrion-Lannister,Undirected,529,,,37,5
Jon-Connington,Tywin-Lannister,Undirected,530,,,4,5
Jon-Connington,Varys,Undirected,531,,,6,5
Jon-Connington,Yandry,Undirected,532,,,9,5
Jon-Snow,Leathers,Undirected,533,,,18,5
Jon-Snow,Malegorn,Undirected,534,,,5,5
Jon-Snow,Mance-Rayder,Undirected,535,,,25,5
Jon-Snow,Melisandre,Undirected,536,,,48,5
Jon-Snow,Mully,Undirected,537,,,14,5
Jon-Snow,Narbert-Grandison,Undirected,538,,,3,5
Jon-Snow,Othell-Yarwyck,Undirected,539,,,10,5
Jon-Snow,Owen,Undirected,540,,,3,5
Jon-Snow,Patrek-of-Kings-Mountain,Undirected,541,,,7,5
Jon-Snow,Pypar,Undirected,542,,,5,5
Jon-Snow,Qhorin-Halfhand,Undirected,543,,,3,5
Jon-Snow,Rattleshirt,Undirected,544,,,23,5
Jon-Snow,Robb-Stark,Undirected,545,,,10,5
Jon-Snow,Rory,Undirected,546,,,6,5
Jon-Snow,Samwell-Tarly,Undirected,547,,,14,5
Jon-Snow,Sansa-Stark,Undirected,548,,,3,5
Jon-Snow,Satin,Undirected,549,,,15,5
Jon-Snow,Selyse-Florent,Undirected,550,,,38,5
Jon-Snow,Shireen-Baratheon,Undirected,551,,,4,5
Jon-Snow,Sigorn,Undirected,552,,,6,5
Jon-Snow,Soren-Shieldbreaker,Undirected,553,,,3,5
Jon-Snow,Stannis-Baratheon,Undirected,554,,,73,5
Jon-Snow,Tom-Barleycorn,Undirected,555,,,4,5
Jon-Snow,Toregg,Undirected,556,,,6,5
Jon-Snow,Tormund,Undirected,557,,,50,5
Jon-Snow,Tycho-Nestoris,Undirected,558,,,12,5
Jon-Snow,Ulmer,Undirected,559,,,3,5
Jon-Snow,Val,Undirected,560,,,37,5
Jon-Snow,Weeper,Undirected,561,,,3,5
Jon-Snow,Wick-Whittlestick,Undirected,562,,,5,5
Jon-Snow,Wun-Weg-Wun-Dar-Wun,Undirected,563,,,11,5
Jon-Snow,Ygritte,Undirected,564,,,14,5
Jorah-Mormont,Nurse,Undirected,565,,,4,5
Jorah-Mormont,Penny,Undirected,566,,,9,5
Jorah-Mormont,Tyrion-Lannister,Undirected,567,,,27,5
Joramun,Mance-Rayder,Undirected,568,,,3,5
Joramun,Melisandre,Undirected,569,,,4,5
Justin-Massey,Richard-Horpe,Undirected,570,,,7,5
Justin-Massey,Stannis-Baratheon,Undirected,571,,,10,5
Kasporio,Tybero-Istarion,Undirected,572,,,3,5
Kasporio,Tyrion-Lannister,Undirected,573,,,3,5
Kedry,Quentyn-Martell,Undirected,574,,,3,5
Kerwin,Victarion-Greyjoy,Undirected,575,,,12,5
Kevan-Lannister,Mace-Tyrell,Undirected,576,,,5,5
Kevan-Lannister,Pycelle,Undirected,577,,,5,5
Kevan-Lannister,Randyll-Tarly,Undirected,578,,,6,5
Kevan-Lannister,Ronnet-Connington,Undirected,579,,,3,5
Kevan-Lannister,Tommen-Baratheon,Undirected,580,,,11,5
Kevan-Lannister,Tywin-Lannister,Undirected,581,,,3,5
Kevan-Lannister,Varys,Undirected,582,,,3,5
Khrazz,Spotted-Cat,Undirected,583,,,4,5
Khrazz,Steelskin,Undirected,584,,,3,5
Kindly-Man,Waif,Undirected,585,,,6,5
Leaf,Meera-Reed,Undirected,586,,,6,5
Leathers,Toregg,Undirected,587,,,4,5
Leathers,Tormund,Undirected,588,,,3,5
Leathers,Wun-Weg-Wun-Dar-Wun,Undirected,589,,,9,5
Lemore,Rolly-Duckfield,Undirected,590,,,5,5
Lemore,Tyrion-Lannister,Undirected,591,,,16,5
Lemore,Yandry,Undirected,592,,,5,5
Lemore,Ysilla,Undirected,593,,,3,5
Leona-Woolfield,Wyman-Manderly,Undirected,594,,,4,5
Longwater-Pyke,Victarion-Greyjoy,Undirected,595,,,3,5
Lorren,Sybelle-Glover,Undirected,596,,,3,5
Luton,Skinner,Undirected,597,,,3,5
Lyanna-Mormont,Stannis-Baratheon,Undirected,598,,,3,5
Lyanna-Stark,Rhaegar-Targaryen,Undirected,599,,,4,5
Mace-Tyrell,Pycelle,Undirected,600,,,4,5
Mace-Tyrell,Randyll-Tarly,Undirected,601,,,5,5
Mace-Tyrell,Robert-Strong,Undirected,602,,,3,5
Maege-Mormont,Robb-Stark,Undirected,603,,,4,5
Malaquo-Maegyr,Nyessos-Vhassar,Undirected,604,,,7,5
Malegorn,Narbert-Grandison,Undirected,605,,,3,5
Malegorn,Selyse-Florent,Undirected,606,,,5,5
Mance-Rayder,Melisandre,Undirected,607,,,6,5
Mance-Rayder,Ramsay-Snow,Undirected,608,,,7,5
Mance-Rayder,Rowan,Undirected,609,,,4,5
Mance-Rayder,Squirrel,Undirected,610,,,5,5
Mance-Rayder,Stannis-Baratheon,Undirected,611,,,16,5
Mance-Rayder,Theon-Greyjoy,Undirected,612,,,9,5
Mance-Rayder,Tormund,Undirected,613,,,12,5
Mance-Rayder,Val,Undirected,614,,,6,5
Mance-Rayder,Varamyr,Undirected,615,,,3,5
Marlon-Manderly,Stannis-Baratheon,Undirected,616,,,3,5
Marselen,Symon-Stripeback,Undirected,617,,,4,5
Marya-Seaworth,Stannis-Baratheon,Undirected,618,,,3,5
Melisandre,Rattleshirt,Undirected,619,,,6,5
Melisandre,Selyse-Florent,Undirected,620,,,11,5
Melisandre,Sigorn,Undirected,621,,,3,5
Melisandre,Stannis-Baratheon,Undirected,622,,,32,5
Melisandre,Ygritte,Undirected,623,,,3,5
Meris,Quentyn-Martell,Undirected,624,,,14,5
Meris,Tattered-Prince,Undirected,625,,,9,5
Meryn-Trant,Rafford,Undirected,626,,,3,5
Mezzara,Qezza,Undirected,627,,,3,5
Miklaz,Qezza,Undirected,628,,,4,5
Missandei,Quentyn-Martell,Undirected,629,,,3,5
Missandei,Skahaz-mo-Kandaq,Undirected,630,,,6,5
Moelle,Scolera,Undirected,631,,,10,5
Moelle,Unella,Undirected,632,,,12,5
Moqorro,Rodrik-Sparr,Undirected,633,,,4,5
Moqorro,Tyrion-Lannister,Undirected,634,,,7,5
Moqorro,Victarion-Greyjoy,Undirected,635,,,21,5
Morgo,Tyrion-Lannister,Undirected,636,,,4,5
Mors-Umber,Stannis-Baratheon,Undirected,637,,,7,5
Myrcella-Baratheon,Stannis-Baratheon,Undirected,638,,,3,5
Myrcella-Baratheon,Tommen-Baratheon,Undirected,639,,,8,5
Myrcella-Baratheon,Trystane-Martell,Undirected,640,,,4,5
Myrcella-Baratheon,Tyrion-Lannister,Undirected,641,,,5,5
Narbert-Grandison,Patrek-of-Kings-Mountain,Undirected,642,,,3,5
Narbert-Grandison,Selyse-Florent,Undirected,643,,,8,5
Nurse,Penny,Undirected,644,,,4,5
Nurse,Tyrion-Lannister,Undirected,645,,,8,5
Nurse,Yezzan-zo-Qaggaz,Undirected,646,,,12,5
Nymeria-Sand,Obara-Sand,Undirected,647,,,8,5
Nymeria-Sand,Tyene-Sand,Undirected,648,,,7,5
Obara-Sand,Tyene-Sand,Undirected,649,,,6,5
Old-Bill-Bone,Quentyn-Martell,Undirected,650,,,3,5
Othell-Yarwyck,Weeper,Undirected,651,,,4,5
Patchface,Selyse-Florent,Undirected,652,,,3,5
Patchface,Shireen-Baratheon,Undirected,653,,,3,5
Patrek-of-Kings-Mountain,Selyse-Florent,Undirected,654,,,7,5
Patrek-of-Kings-Mountain,Wun-Weg-Wun-Dar-Wun,Undirected,655,,,3,5
Penny,Sweets,Undirected,656,,,4,5
Penny,Tyrion-Lannister,Undirected,657,,,59,5
Penny,Yezzan-zo-Qaggaz,Undirected,658,,,9,5
Petyr-Baelish,Varys,Undirected,659,,,4,5
Pypar,Todder,Undirected,660,,,4,5
Qarl-the-Maid,Tristifer-Botley,Undirected,661,,,5,5
Qavo-Nogarys,Tyrion-Lannister,Undirected,662,,,6,5
Quentyn-Martell,Tattered-Prince,Undirected,663,,,14,5
Qyburn,Robert-Strong,Undirected,664,,,4,5
Ralf-(Limper),Victarion-Greyjoy,Undirected,665,,,3,5
Ramsay-Snow,Roose-Bolton,Undirected,666,,,14,5
Ramsay-Snow,Skinner,Undirected,667,,,5,5
Ramsay-Snow,Sour-Alyn,Undirected,668,,,6,5
Ramsay-Snow,Stannis-Baratheon,Undirected,669,,,8,5
Ramsay-Snow,Theon-Greyjoy,Undirected,670,,,87,5
Ramsay-Snow,Walder-Frey-(son-of-Merrett),Undirected,671,,,3,5
Ramsay-Snow,Wyman-Manderly,Undirected,672,,,5,5
Ramsay-Snow,Yellow-Dick,Undirected,673,,,7,5
Randyll-Tarly,Robert-Strong,Undirected,674,,,3,5
Reznak-mo-Reznak,Skahaz-mo-Kandaq,Undirected,675,,,5,5
Rhaegar-Frey,Wyman-Manderly,Undirected,676,,,3,5
Rhaegar-Targaryen,Robert-Baratheon,Undirected,677,,,7,5
Richard-Horpe,Stannis-Baratheon,Undirected,678,,,3,5
Rickon-Stark,Robb-Stark,Undirected,679,,,3,5
Rickon-Stark,Theon-Greyjoy,Undirected,680,,,4,5
Robb-Stark,Rodrik-Cassel,Undirected,681,,,3,5
Robb-Stark,Stannis-Baratheon,Undirected,682,,,6,5
Robb-Stark,Theon-Greyjoy,Undirected,683,,,7,5
Robb-Stark,Wyman-Manderly,Undirected,684,,,3,5
Robert-Baratheon,Stannis-Baratheon,Undirected,685,,,11,5
Robert-Baratheon,Tommen-Baratheon,Undirected,686,,,4,5
Robert-Baratheon,Tywin-Lannister,Undirected,687,,,3,5
Robert-Baratheon,Val,Undirected,688,,,3,5
Robert-Baratheon,Viserys-Targaryen,Undirected,689,,,3,5
Robert-Baratheon,Willam-Dustin,Undirected,690,,,3,5
Robett-Glover,Stannis-Baratheon,Undirected,691,,,4,5
Rodrik-Cassel,Theon-Greyjoy,Undirected,692,,,3,5
Rodrik-Sparr,Victarion-Greyjoy,Undirected,693,,,7,5
Roger-Ryswell,Theon-Greyjoy,Undirected,694,,,4,5
Rolly-Duckfield,Tyrion-Lannister,Undirected,695,,,20,5
Rolly-Duckfield,Yandry,Undirected,696,,,12,5
Rolly-Duckfield,Ysilla,Undirected,697,,,9,5
Roose-Bolton,Stannis-Baratheon,Undirected,698,,,13,5
Roose-Bolton,Theon-Greyjoy,Undirected,699,,,14,5
Roose-Bolton,Walda-Frey-(daughter-of-Merrett),Undirected,700,,,4,5
Roose-Bolton,Wyman-Manderly,Undirected,701,,,5,5
Roose-Ryswell,Stannis-Baratheon,Undirected,702,,,3,5
Rowan,Squirrel,Undirected,703,,,5,5
Rowan,Theon-Greyjoy,Undirected,704,,,12,5
Salladhor-Saan,Stannis-Baratheon,Undirected,705,,,8,5
Samwell-Tarly,Stannis-Baratheon,Undirected,706,,,8,5
Satin,Selyse-Florent,Undirected,707,,,4,5
Scar,Tyrion-Lannister,Undirected,708,,,8,5
Scar,Yezzan-zo-Qaggaz,Undirected,709,,,4,5
Scolera,Unella,Undirected,710,,,12,5
Selyse-Florent,Shireen-Baratheon,Undirected,711,,,8,5
Selyse-Florent,Stannis-Baratheon,Undirected,712,,,14,5
Selyse-Florent,Val,Undirected,713,,,15,5
Selyse-Florent,Wun-Weg-Wun-Dar-Wun,Undirected,714,,,5,5
Shae,Tysha,Undirected,715,,,4,5
Shireen-Baratheon,Stannis-Baratheon,Undirected,716,,,4,5
Shireen-Baratheon,Val,Undirected,717,,,4,5
Shrouded-Lord,Tyrion-Lannister,Undirected,718,,,4,5
Sigorn,Stannis-Baratheon,Undirected,719,,,3,5
Skinner,Sour-Alyn,Undirected,720,,,6,5
Skinner,Theon-Greyjoy,Undirected,721,,,4,5
Sour-Alyn,Theon-Greyjoy,Undirected,722,,,8,5
Sour-Alyn,Yellow-Dick,Undirected,723,,,3,5
Squirrel,Theon-Greyjoy,Undirected,724,,,7,5
Stannis-Baratheon,Theomore,Undirected,725,,,3,5
Stannis-Baratheon,Theon-Greyjoy,Undirected,726,,,10,5
Stannis-Baratheon,Tommen-Baratheon,Undirected,727,,,7,5
Stannis-Baratheon,Tycho-Nestoris,Undirected,728,,,7,5
Stannis-Baratheon,Tyrion-Lannister,Undirected,729,,,3,5
Stannis-Baratheon,Tywin-Lannister,Undirected,730,,,3,5
Stannis-Baratheon,Val,Undirected,731,,,15,5
Stannis-Baratheon,William-Foxglove,Undirected,732,,,3,5
Stannis-Baratheon,Wyman-Manderly,Undirected,733,,,19,5
Sweets,Tyrion-Lannister,Undirected,734,,,7,5
Sweets,Yezzan-zo-Qaggaz,Undirected,735,,,6,5
Sybell-Spicer,Wyman-Manderly,Undirected,736,,,3,5
Theomore,Wyman-Manderly,Undirected,737,,,3,5
Theon-Greyjoy,Walda-Frey-(daughter-of-Merrett),Undirected,738,,,3,5
Theon-Greyjoy,Walder-Frey-(son-of-Jammos),Undirected,739,,,6,5
Theon-Greyjoy,Walder-Frey-(son-of-Merrett),Undirected,740,,,6,5
Theon-Greyjoy,Wex-Pyke,Undirected,741,,,3,5
Theon-Greyjoy,Willow-Witch-eye,Undirected,742,,,4,5
Theon-Greyjoy,Wyman-Manderly,Undirected,743,,,3,5
Theon-Greyjoy,Yellow-Dick,Undirected,744,,,5,5
Thistle,Varamyr,Undirected,745,,,7,5
Toregg,Tormund,Undirected,746,,,8,5
Tormund,Val,Undirected,747,,,9,5
Tormund,Weeper,Undirected,748,,,9,5
Tybero-Istarion,Tyrion-Lannister,Undirected,749,,,8,5
Tyrion-Lannister,Tysha,Undirected,750,,,4,5
Tyrion-Lannister,Tywin-Lannister,Undirected,751,,,18,5
Tyrion-Lannister,Varys,Undirected,752,,,7,5
Tyrion-Lannister,Yandry,Undirected,753,,,15,5
Tyrion-Lannister,Yezzan-zo-Qaggaz,Undirected,754,,,17,5
Tyrion-Lannister,Ysilla,Undirected,755,,,11,5
Tywin-Lannister,Wylis-Manderly,Undirected,756,,,3,5
Victarion-Greyjoy,Wulfe,Undirected,757,,,3,5
Walder-Frey-(son-of-Jammos),Walder-Frey-(son-of-Merrett),Undirected,758,,,10,5
Yandry,Ysilla,Undirected,759,,,14,5
